﻿<Packages>
  <!-- MVC Packages -->
  <Package Id="bootstrap" Version="3.0.0" />
  <Package Id="jQuery" Version="1.10.2" />
  <Package Id="jQuery.Validation" Version="1.11.1" />
  <Package Id="Microsoft.jQuery.Unobtrusive.Validation" Version="3.0.0" />
  <Package Id="Microsoft.AspNet.Razor" Version="3.0.0" />
  <Package Id="Microsoft.AspNet.Web.Optimization" Version="1.1.3" />
  <Package Id="Microsoft.AspNet.WebPages" Version="3.0.0" />
  <Package Id="Microsoft.Web.Infrastructure" Version="1.0.0.0" />
  <Package Id="Microsoft.AspNet.Mvc" Version="5.0.2" />
  <Package Id="Modernizr" Version="2.6.2" />
  <Package Id="Newtonsoft.Json" Version="5.0.6" />
  <Package Id="Antlr" Version="3.4.1.9004" />
  <Package Id="WebGrease" Version="1.5.2" />
  <!-- Web API Packages -->
  <Package Id="Microsoft.AspNet.WebApi.Client" Version="5.0.0" />
  <Package Id="Microsoft.AspNet.WebApi.Core" Version="5.0.0" />
  <Package Id="Microsoft.AspNet.WebApi.WebHost" Version="5.0.0" />
  <Package Id="Microsoft.AspNet.WebApi" Version="5.0.0" />
  <!-- Web API OData Packages -->
  <Package Id="Microsoft.Data.Edm" Version="5.6.0" />
  <Package Id="System.Spatial" Version="5.6.0" />
  <Package Id="Microsoft.Data.OData" Version="5.6.0" />
  <Package Id="Microsoft.AspNet.WebApi.OData" Version="5.0.0" />
</Packages>